model,split,accuracy,precision,recall,f1,roc_auc,eer,n_samples
logreg,test (in-distribution),0.796028880866426,0.7523076923076923,0.8826714801444043,0.8122923588039868,0.8893345410470618,0.20848375451263537,1108
logreg,unseen_generator (MJ/DALLE/SD/WikiArt),0.703,0.6925996204933587,0.73,0.7108081791626095,0.757768,0.30700000000000005,1000
logreg,unseen_manipulation_type (Photoshop),0.5105340519353259,0.4829694323144105,0.5760416666666667,0.52541567695962,0.5078919981498613,0.49248092044403335,2041
random_forest,test (in-distribution),0.8384476534296029,0.783661119515885,0.9350180505415162,0.8526748971193415,0.9298228179697375,0.16245487364620942,1108
random_forest,unseen_generator (MJ/DALLE/SD/WikiArt),0.641,0.604135893648449,0.818,0.6949872557349193,0.733702,0.31099999999999994,1000
random_forest,unseen_manipulation_type (Photoshop),0.4845663890249878,0.46260162601626015,0.5927083333333333,0.5196347031963471,0.49711349444958375,0.5028354340117175,2041
svm,test (in-distribution),0.8429602888086642,0.7932098765432098,0.927797833935018,0.8552412645590682,0.9341578803320778,0.15072202166064982,1108
svm,unseen_generator (MJ/DALLE/SD/WikiArt),0.598,0.5772870662460567,0.732,0.6455026455026455,0.6450919999999999,0.392,1000
svm,unseen_manipulation_type (Photoshop),0.46153846153846156,0.4472285497342445,0.6135416666666667,0.5173473869126043,0.46741828553808207,0.5192028985507247,2041
xgboost,test (in-distribution),0.8483754512635379,0.8184818481848185,0.8953068592057761,0.8551724137931035,0.9350832149513222,0.15342960288808663,1108
xgboost,unseen_generator (MJ/DALLE/SD/WikiArt),0.631,0.6068515497553018,0.744,0.6684636118598383,0.684662,0.354,1000
xgboost,unseen_manipulation_type (Photoshop),0.4840764331210191,0.4503735325506937,0.4395833333333333,0.444913020558777,0.4859871261177922,0.5085607462226334,2041
