epoch,train_loss,train_acc,val_loss,val_acc,val_f1
0,0.3456286571132595,0.8405323108153829,0.27968126301778484,0.8833181403828624,0.889273356401384
1,0.16301614484712237,0.9335739257922635,0.22659709879834758,0.8933454876937101,0.9009314140558848
2,0.09232114564139639,0.9644750197361002,0.24527227028919113,0.9170464904284412,0.9208006962576153
3,0.07292658947740102,0.972707792940115,0.24381821410375612,0.9216043755697356,0.9216757741347905
4,0.047876875309811995,0.9833088981617233,0.26098169091114315,0.9234275296262534,0.9263157894736842
5,0.039946928964844815,0.9860155633246871,0.21589192726336073,0.9380127620783957,0.9385171790235082
6,0.03360122473839239,0.9892861170632683,0.23956592531777993,0.9252506836827712,0.9257246376811594
7,0.024356691829513184,0.9917672267959852,0.2961100585478101,0.9252506836827712,0.927689594356261
8,0.025310516962408682,0.9917672267959852,0.2404534019115521,0.9279854147675478,0.928635953026197
9,0.021409731941849912,0.9919927822262321,0.3085666984016604,0.935278030993619,0.9370008873114463
